source_row,dedup_id,title,candidate_topics,gpt_decision,gpt_reason,deepseek_decision,deepseek_reason,crosses_fulltext_boundary
23,D0001665,Psychological Effects of Hurricane Andrew on an Elementary School Population,cyclone,FULLTEXT_REVIEW,"High- and low-impact schools were assessed twice after Hurricane Andrew and pre/post school behavior records were compared, but the abstract does not establish a hazard-effect counterfactual for the mental-health scales or report uncertainty.",NARRATIVE_ONLY,"Relevant cyclone mental-health study, but PTS outcome is measured only at 8 and 32 weeks post-hurricane in HI- vs LO-impact schools; no pre-event PTS baseline or credible counterfactual. Disruptive behavior pre-post is not an eligible mental-health outcome.",yes
24,D0001807,"Disaster related stresses, depressive signs and symptoms, and suicidal ideation among a multi-racial/ethnic sample of adolescents: A longitudinal analysis",cyclone,FULLTEXT_REVIEW,"The longitudinal analysis includes pre-hurricane depression and suicidal ideation and models post-hurricane ideation, but the hurricane-stress measure and effect uncertainty are not described.",NARRATIVE_ONLY,"Abstract uses self-reported 'hurricane generated stresses' as the exposure and describes all participants as exposed to Hurricane Andrew; no objective or externally verifiable hazard variation is used, so it cannot estimate a hazard effect.",yes
36,D0003415,Regional impact of Hurricane Isabel on emergency departments in Coastal Southeastern Virginia,cyclone,FULLTEXT_REVIEW,"Administrative ED visits after Hurricane Isabel are compared with a six-month pre-landfall average, but no modeled counterfactual or uncertainty is reported for psychiatric visits.",NARRATIVE_ONLY,"Abstract reports descriptive ED psychiatric complaint counts before and after Hurricane Isabel (e.g., 13 average daily pre-landfall, 6 on landfall, 10 subsequent days) with percentage changes but no adjusted effect or uncertainty. No credible causal counterfactual for mental-health outcome.",yes
41,D0003717,Mental illness and suicidality after Hurricane Katrina,cyclone,FULLTEXT_REVIEW,"Independent pre- and post-Katrina regional surveys show quantified prevalence differences, but the abstract does not establish an unaffected control or another credible counterfactual for secular change.",NARRATIVE_ONLY,"Compares two separate cross-sectional samples before and after Hurricane Katrina in the same area; no within-person pre-exposure outcome or contemporaneous control, so lacks credible counterfactual for causal effect.",yes
46,D0004110,The August 2003 heat wave in France: effects on psychiatric disorders and suicidal behavior,temperature,FULLTEXT_REVIEW,"Psychiatric emergencies during the 2003 heatwave are compared with 2002, but the abstract does not show a modeled temporal counterfactual or effect uncertainty.",NARRATIVE_ONLY,"Abstract compares emergency psychiatric consultations and diagnostic percentages between June-October 2002 and 2003, reporting only prevalence (e.g., suicidal behavior 12.3% vs 25%) and admission proportions without adjusted hazard effects or uncertainty; no credible counterfactual.",yes
51,D0004481,Predisaster trait anxiety and negative affect predict posttraumatic stress in youths after Hurricane Katrina,cyclone,NARRATIVE_ONLY,"Predisaster traits and symptoms were available, but Katrina exposure is represented by the reported number of hurricane exposure events without external linkage.",EXCLUDE,"Abstract frames predisaster trait anxiety and negative affect, not hurricane exposure, as the main predictors; hurricane exposure events are only a covariate/secondary predictor, so the hazard is not the primary exposure and no extractable hazard effect is reported.",no
54,D0004714,A prospective study on changes in health status following flood disaster,flood,FULLTEXT_REVIEW,"Residents had pre-flood SF-36 data and were reassessed after the flood, but depression and PTSD appear measured only postflood and no flood-effect estimate with uncertainty is reported.",NARRATIVE_ONLY,"The abstract reports depression and PTSD only at 18-month follow-up; the pre-flood assessment was SF-36 general health, so no pre-event mental-health baseline. Thus post-flood prevalence and predictor associations are not a hazard effect with a credible counterfactual.",yes
56,D0004764,Unwanted intrusive thoughts and cognitive functioning in kindergarten and young elementary school-age children following Hurricane Katrina,cyclone,NARRATIVE_ONLY,"Children were surveyed once seven months after Katrina and compared with unaffected children, with no pre-event outcome.",EXCLUDE,"The study measures unwanted intrusive thoughts and cognitive functioning in children after Hurricane Katrina. Intrusive thoughts are not among the eligible mental-health outcomes, so the record is excluded for wrong outcome.",no
58,D0005018,Symptoms of depression and posttraumatic stress disorder in an outpatient population before and after Hurricane Katrina,cyclone,FULLTEXT_REVIEW,"Different clinic patients were sampled in the month before and after Katrina; depression changed, but comparability, temporal control, and effect uncertainty are not established.",NARRATIVE_ONLY,"The abstract reports depression/PTSD scores for separate outpatient samples in the month before (n=76) and month after (n=80) Katrina; independent cross-sections, not within-person pre/post, so no credible counterfactual for a causal hurricane effect.",yes
67,D0005668,"Resource loss, resource gain, and mental health among survivors of Hurricane Katrina",cyclone,EXCLUDE,The explanatory variables are post-hurricane resource loss and gain; disaster exposure is controlled as a covariate rather than estimated as the main hazard effect.,NARRATIVE_ONLY,"Abstract reports a longitudinal predictor analysis of resource loss/gain and posthurricane psychological distress, not a hazard effect. Disaster exposure is only a covariate and no Hurricane Katrina effect estimate or uncertainty is reported.",no
68,D0005770,After Hurricanes Katrina and Rita: Gender differences in health and religiosity in middle-aged and older adults,cyclone,NARRATIVE_ONLY,"The pre/post analysis reports gender differences and religiosity correlations, not an estimated hurricane effect on an eligible mental-health outcome.",FULLTEXT_REVIEW,"Abstract reports pre- and post-disaster SF-36 scores after Hurricanes Katrina/Rita, with SF-36 mental health scores measured, but it only describes changes in physical function/bodily pain and gender differences in mental health. No quantitative hurricane effect on mental health with uncertainty is reported, so full text must establish extractable hazard-specific mental-health effect.",yes
70,D0005807,Intrusive thoughts and young children's knowledge about thinking following a natural disaster,cyclone,NARRATIVE_ONLY,"Children were surveyed once ten months after Katrina and compared with nonexposed children, with no pre-event outcome.",EXCLUDE,"The only measured outcomes are unwanted intrusive thoughts and their content/knowledge about thinking; these are not among eligible mental-health outcomes (depression, anxiety, distress, PTSD, suicide, wellbeing, etc.). No eligible outcome is reported. The design is also a single post-event exposed-vs-control survey without pre-event baseline.",no
73,D0005869,The influence of several changes in atmospheric states over semi-arid areas on the incidence of mental health disorders,temperature,FULLTEXT_REVIEW,"Administrative suicide attempts and psychotic attacks vary with meteorological states, including temperature, but exposure sources and an extractable temperature effect with uncertainty are absent.",EXCLUDE,"Abstract's main exposure is atmospheric states/desert winds (wind direction/speed), not a registered climate hazard. Temperature and humidity are mentioned only as weak (p<0.1) and no hazard-specific effect is extractable. DSH is eligible but the exposure fails the registered hazard requirement.",yes
78,D0006255,The burdens of social capital: How socially-involved people dealt with stress after Hurricane Katrina,cyclone,EXCLUDE,The study's explanatory focus is social capital and post-Katrina stress trajectories; the hurricane is the setting rather than the estimated primary exposure.,NARRATIVE_ONLY,"Abstract examines social capital as predictor of stress trajectories after Hurricane Katrina, not a hurricane exposure effect; no hazard exposure variation or hazard-specific estimate mentioned.",no
89,D0007029,Posttraumatic stress disorder and use of psychiatric and alcohol related services: The effect of the 2004–2005 Florida hurricane seasons on veterans,cyclone,META_ELIGIBLE,"Veterans in hurricane-affected and unaffected counties are compared around landfall using administrative data; mental-health service use changed +28.0% versus -6.5%, with p=0.001.",FULLTEXT_REVIEW,"Abstract reports mental health service use changes in hurricane-affected vs non-affected counties, but does not clearly describe pre-hurricane baseline, cohort selection, or adjustment; a before-after difference may exist, but cannot be confirmed from abstract.",no
96,D0007220,A positive relationship between ambient temperature and bipolar disorder identified using a national cohort of psychiatric inpatients,temperature,META_ELIGIBLE,Bureau meteorological temperatures are linked to national psychiatric admissions; adjusted Poisson mixed models estimate relative risks across explicit temperature contrasts.,FULLTEXT_REVIEW,"Abstract supports objective daily temperature and psychiatric admissions for bipolar disorder as an eligible service-use outcome, but the GLMM Poisson description lacks explicit controls for trends/seasonality and no numerical RR/CI is provided; credible temporal counterfactual and extractable effect must be verified in full text.",no
97,D0007263,What can multiwave studies teach us about disaster research: An analysis of low‐income hurricane Katrina survivors,cyclone,NARRATIVE_ONLY,"Predisaster distress was available, but the hurricane contrast is a self-reported traumatic-stress exposure score without external hazard linkage.",FULLTEXT_REVIEW,"Longitudinal 3-wave predisaster/postdisaster study of Hurricane Katrina survivors; psychological distress is eligible, but abstract describes 'traumatic stress exposure' without clarifying whether exposure was objectively measured/verified or self-reported, and reports coefficients without uncertainty, so meta-eligibility cannot be confirmed.",yes
108,D0007924,"Increase in psychotropic drug deliveries after the Xynthia storm, France, 2010.",flood,FULLTEXT_REVIEW,"Daily prescribing rose after the objectively dated Xynthia event with RRs and CIs, but the abstract does not isolate seawater flooding from the nonregistered windstorm exposure.",META_ELIGIBLE,"Uses daily administrative psychotropic treatment counts 2008-2010 as interrupted time-series before/after Xynthia flood; GAM Poisson yields RR 1.54 (95% CI 1.39-1.62), an extractable hazard-specific effect.",no
110,D0007946,Characteristics of individuals meeting criteria for new onset panic attacks following exposure to a typhoon,cyclone,FULLTEXT_REVIEW,"Pre- and post-typhoon psychiatric assessments are reported, but the source of exposure severity and an extractable typhoon effect with uncertainty are not described.",NARRATIVE_ONLY,"Pre/post typhoon cohort reports 2.8% new-onset panic attacks and their correlates (PTSD/MDD, self-reported typhoon exposure), but no hazard effect or uncertainty; it compares panic groups rather than estimating a typhoon effect.",yes
113,D0008000,A prospective study of the impact of floods on the mental and physical health of older adults,flood,FULLTEXT_REVIEW,"Older adults were measured before and after flooding with an unaffected comparison, but personal flood exposure appears questionnaire-based and adjusted change estimates are not reported.",NARRATIVE_ONLY,"Prospective pre-post flood study with eligible mental-health outcomes, but flood exposure was based on participant questionnaires on flood experience; no objective or externally verifiable hazard data are described, so self-reported exposure only precludes meta-eligibility.",yes
124,D0008786,The impact of housing displacement on the mental health of low-income parents after Hurricane Katrina,cyclone,EXCLUDE,"The explanatory exposure is post-Katrina housing displacement profile, while the hurricane itself is context and is controlled as prior experience.",NARRATIVE_ONLY,"Study follows Hurricane Katrina survivors only; exposure is postdisaster housing displacement profiles (returned/relocated/unstably housed), not variation in the cyclone hazard. No unexposed or hazard-intensity comparison, so no credible hazard effect for meta-analysis.",no
128,D0008906,"The relationship between meteorological conditions and homicide, suicide, rage, and psychiatric hospitalization",temperature,FULLTEXT_REVIEW,"Daily registry outcomes and official meteorology are available, but simple correlations over one year do not establish adjustment for temporal confounding or an extractable effect.",NARRATIVE_ONLY,"Daily meteorological data and psychiatric hospitalization are relevant, but the abstract reports only Pearson correlations and ANOVA p-values over one year, with no adjusted time-series model, effect size, or credible counterfactual; this is a descriptive/predictor analysis unsuitable for causal meta-analysis.",yes
137,D0009603,Happily ever after? Pre-and-post disaster determinants of happiness among survivors of Hurricane Katrina,cyclone,NARRATIVE_ONLY,"Happiness was measured before and after Katrina, but hurricane stressors and bereavement were survey-reported without external exposure linkage.",FULLTEXT_REVIEW,"Eligible outcome (happiness) and longitudinal pre/post design with pre-disaster baseline, but abstract reports only significance, not hazard effect sizes/uncertainty; individual hurricane exposure appears survey-based and needs verification.",yes
141,D0009770,Do hotter temperatures increase the incidence of self-harm hospitalisations?,temperature,FULLTEXT_REVIEW,"District-day hospitalizations and meteorology were modeled with mixed models using irregular temporal variation, but the 0.7% estimate lacks reported uncertainty.",META_ELIGIBLE,"Original quantitative study uses objective meteorological temperature and NZ self-harm hospitalisations 1993-2009. GLMMs isolate irregular daily temperature variation, providing temporal counterfactual and reporting adjusted effect 0.7% per 1C; eligible self-harm outcome.",no
146,D0010217,Increasing ambient temperature reduces emotional well-being,temperature,FULLTEXT_REVIEW,"The analysis uses exogenous day-to-day temperature variation within residence areas, but provides no effect estimates with uncertainty for emotional outcomes.",META_ELIGIBLE,"Uses 1.9M survey responses with day-to-day temperature variation within respondents' area, an objective exposure. Outcomes include positive/negative emotions and stress. The abstract indicates an estimated effect of temperature on emotional well-being with significance, though numeric magnitude and uncertainty are not fully reported.",no
147,D0010325,Life after hurricane Katrina: The Resilience in Survivors of Katrina (RISK) Project,cyclone,EXCLUDE,This article is an overview of findings from the RISK Project and reports no new quantitative hazard-outcome estimate.,FULLTEXT_REVIEW,"Abstract describes the RISK Project longitudinal cohort with pre-Katrina baseline and post-event waves and mental health outcomes, but presents an overview without any quantitative hazard effect or uncertainty. Full text must confirm an extractable hazard-specific estimate.",yes
161,D0011139,Mental disease-related emergency admissions attributable to hot temperatures,temperature,FULLTEXT_REVIEW,"Eleven years of daily admissions and temperature were analyzed with city-specific DLNMs and meta-analysis, but no RR uncertainty is shown.",META_ELIGIBLE,"Daily city temperature and emergency admissions for mental disease analyzed with distributed lag non-linear model, pooled via multivariate meta-analysis. Objective exposure, eligible psychiatric service use outcomes, temporal counterfactual, and extractable quantitative attributable risk estimates are reported.",no
162,D0011223,Pupillary response to emotional stimuli as a risk factor for depressive symptoms following a natural disaster: The 2011 Binghamton flood,flood,FULLTEXT_REVIEW,"Depression was measured before and after the flood and objective flood stress was assessed, but the hazard effect and uncertainty are absent.",NARRATIVE_ONLY,"Longitudinal pre/post flood with baseline, but abstract reports a diathesis-stress interaction (pupil dilation × flood-related stress) predicting depressive symptoms, not a quantitative effect of flood hazard on depression. Post-event flood-stress gradient is not a credible counterfactual, so predictor analysis without hazard effect.",yes
164,D0011249,Continuity of midwifery carer moderates the effects of prenatal maternal stress on postnatal maternal wellbeing: The Queensland flood study,flood,FULLTEXT_REVIEW,"Repeated depression/anxiety assessments surround pregnancy and birth, but hardship is questionnaire-based and the abstract does not establish a pre-flood outcome or effect uncertainty.",NARRATIVE_ONLY,"Flood exposure is assessed via self-report questionnaires (flood-related hardship and subjective stress), not externally verified. Outcomes are depression/anxiety but the analysis tests moderation of the stress-depression association by care type, without a credible counterfactual or hazard-effect estimate. Self-reported exposure only.",yes
169,D0011385,Crop-damaging temperatures increase suicide rates in India,temperature,FULLTEXT_REVIEW,"A 47-year panel uses climate fluctuations to estimate a temperature-suicide effect, but the abstract's approximately 70 suicides per degree lacks uncertainty.",META_ELIGIBLE,"Uses 47-year panel data with objectively measured temperature fluctuations; reports a significant quantitative effect of 1°C increase above 20°C causing ~70 suicides, satisfying causal meta-analysis criteria.",no
170,D0011412,A novel surveillance approach for disaster mental health,cyclone,EXCLUDE,"The outcomes are algorithmically inferred emotions in tweets, not validated measured mental-health outcomes, and the study is descriptive surveillance.",NARRATIVE_ONLY,"Study uses Twitter sentiment analysis to map spatial-temporal clusters of basic emotions around Hurricane Sandy, with no causal counterfactual and no hazard effect estimate or uncertainty; descriptive surveillance approach rather than quantitative hazard-outcome effect study.",no
175,D0011690,Hurricane Sandy exposure and the mental health of World Trade Center responders,cyclone,NARRATIVE_ONLY,"Pre-Sandy mental-health status is controlled, but the composite hazard exposure consists of responder-reported damage, outage, shortage and claims without external linkage.",FULLTEXT_REVIEW,"Abstract describes a pre-post longitudinal study of 870 WTC responders relating Hurricane Sandy impact exposures to PTSD and depression, adjusting for pre-Sandy mental health. It does not state whether exposures (home damage, power outage, FEMA claim) were objectively/verifiably measured or self-reported, nor report uncertainty. Full text must confirm exposure measurement and adjusted effect extractability.",yes
184,D0012234,Re-experiencing 9/11-Related PTSD Symptoms Following Exposure to Hurricane Sandy.,cyclone,NARRATIVE_ONLY,"Prior PTSD symptoms are available, but Sandy exposure is derived from the post-Sandy respondent survey without external hazard linkage.",FULLTEXT_REVIEW,"Abstract reports adjusted ORs for moderate/high Sandy exposure on 9/11-related PTSD symptoms, an eligible outcome with CI. However, it does not specify whether Sandy exposure was objectively measured or self-reported, and whether pre-Sandy symptoms were prospectively assessed. These must be verified for causal eligibility.",yes
185,D0012372,The role of prenatal maternal stress in the development of childhood anxiety symptomatology: The QF2011 Queensland Flood Study,flood,FULLTEXT_REVIEW,"Prenatal flood hardship and timing predict later child anxiety, but the abstract does not establish external exposure linkage, a quasi-experimental counterfactual, or effect uncertainty.",NARRATIVE_ONLY,"Flood-exposed pregnancy cohort with child anxiety measured after birth. Exposure is maternal objective hardship severity/timing among exposed only; no pre-event outcome or unexposed counterfactual, so severity association cannot support a causal hazard effect.",yes
186,D0012395,Drought-related stress among farmers: Findings from the Australian rural mental health study,drought,NARRATIVE_ONLY,The study profiles predictors of self-reported drought-related stress; no objective drought effect on general psychological distress is estimated.,FULLTEXT_REVIEW,"Abstract reports a longitudinal cohort with weather-related stress outcomes but does not specify whether drought/rainfall exposure was objectively measured, the analytic design or counterfactual, or numeric effect estimates with uncertainty. Full text is needed to determine eligibility.",yes
194,D0012920,Psychopharmacology utilization among children with anxiety and obsessive–compulsive and related disorders following Hurricane Katrina,cyclone,FULLTEXT_REVIEW,"Claims compare disaster and nondisaster areas, but the abstract does not clearly state a pre-post contrast and reports medication differences without uncertainty.",NARRATIVE_ONLY,"Abstract compares post-Katrina medication fills across disaster/non-disaster areas only; no pre-event outcome or within-unit temporal variation described, so exposed/unexposed post-event comparison lacks credible counterfactual.",yes
203,D0013198,Twelve years later: The long-term mental health consequences of Hurricane Katrina,cyclone,FULLTEXT_REVIEW,"Mothers were measured before Katrina and three times afterward, but the abstract gives prevalence and predictor findings without an event-effect estimate and uncertainty.",NARRATIVE_ONLY,"Abstract reports pre/post trajectories and covariate-adjusted predictors of long-term PTSD/distress, not a causal effect of objectively measured hurricane exposure. Exposure variation is hurricane-related traumatic events/housing damage (self-report); no credible counterfactual or extractable hazard effect with uncertainty.",yes
207,D0013336,"Association between floods and hospital admissions for schizophrenia in Hefei, China: The lag effects of degrees of floods and time variation",flood,FULLTEXT_REVIEW,"A distributed-lag time-series model reports flood-related schizophrenia admission RRs and CIs, but the abstract does not identify the flood data source or linkage.",META_ELIGIBLE,Time-series Poisson DLNM over 2005-2014 in Hefei uses daily flood events as objective exposure and schizophrenia hospital admissions (psychiatric service use) as outcome; RRs with CIs are reported.,no
222,D0014509,Suicide and apparent temperature in the two capitals cities in the Iberian Peninsula,temperature,FULLTEXT_REVIEW,"A time-series lag model reports a suicide RR of 2.7 at 38 C in Lisbon but gives no corresponding CI, SE, or exact p-value.",META_ELIGIBLE,"Time-series study using objective Apparent Temperature and suicide. Quasi-Poisson DLNM reports statistically significant RR 2.7 at 38°C vs 20.62 at 7-day lag, providing an extractable adjusted effect.",no
238,D0015253,Temperature and self-reported mental health in the United States,temperature,FULLTEXT_REVIEW,"Historical daily weather is matched to three million respondents and within-county temporal fluctuations identify effects, but no estimate uncertainty is shown.",META_ELIGIBLE,"Uses historical daily weather matched to individual-level data and exploits within-county temperature variation over time. Outcome is self-reported bad mental health days. Abstract reports directional temperature effects and WTP estimates, indicating extractable quantitative effects.",no
251,D0015862,Investigating the association between temperature and hospital admissions for major psychiatric diseases: A study in Greece,temperature,FULLTEXT_REVIEW,"National Observatory temperature data and time-adjusted Poisson models yield 1-2% admission increases, but no uncertainty is reported.",META_ELIGIBLE,Original time-series study uses objectively measured ambient/apparent temperature from National Observatory of Athens and Poisson regression adjusted for time trends to estimate 1-2% increase in monthly psychiatric admissions per 1°C; outcome is eligible psychiatric service use.,no
257,D0016133,How do non-catastrophic natural disasters impact middle-aged-to-older persons? Using baseline Canadian longitudinal study on aging data to explore psychological outcomes associated with the 2013 Calgary flood,flood,FULLTEXT_REVIEW,"Baseline survey collection occurred before and after the Calgary flood and evacuation status defines groups, but no flood-effect estimates or uncertainty are reported.",NARRATIVE_ONLY,"Abstract describes comparing baseline CLSA participants interviewed in 6 months before vs after the 2013 Calgary flood, stratified by evacuation status; CLSA baseline is per-participant cross-sectional, so no within-person pre-event outcome or credible counterfactual. Reported results are covariate associations (income, sex, living alone) and pre/post group differences, not a hazard-effect estimate with uncertainty.",yes
264,D0016542,Natural disaster stress during pregnancy is linked to reprogramming of the placenta transcriptome in relation to anxiety and stress hormones in young offspring,cyclone,FULLTEXT_REVIEW,"Pregnancies during Sandy are compared with non-Sandy conditions and child anxiety is measured later, but effect estimates and uncertainty are absent.",NARRATIVE_ONLY,"Compares offspring of women pregnant during Hurricane Sandy vs non-Sandy controls, with anxiety and stress outcomes measured only at age 3-4. No pre-event baseline or credible counterfactual is described; exposed/unexposed post-event comparison alone is not eligible for causal meta-analysis.",yes
266,D0016661,The impact of early social support on subsequent health recovery after a major disaster: A longitudinal analysis.,cyclone,NARRATIVE_ONLY,"The longitudinal regression estimates effects of post-Katrina social support on later health, not the effect of Katrina exposure.",EXCLUDE,"Abstract examines social support soon after Hurricane Katrina as the exposure predicting mental and physical health recovery; the hurricane is only context/control (housing damage), and no hurricane hazard effect is estimated.",no
277,D0017091,"Trajectories of depressive symptoms experienced by older people: Effects of time, Hurricane Sandy, and the Great Recession",cyclone,FULLTEXT_REVIEW,"A 12-year panel spans Sandy, but exposure is reported peritraumatic stress and the abstract gives only a qualitative null hazard effect without uncertainty.",NARRATIVE_ONLY,"Abstract describes exposure as self-reported peri-traumatic stress during Hurricane Sandy, not objective/verifiable hazard exposure; no extractable quantitative hazard effect with uncertainty is reported. Depression outcome is eligible and panel is longitudinal, but exposure metric makes design ineligible.",yes
290,D0017773,Mood and Sleep Status and Mental Disorders During Prolonged Winter-Over Residence in Two Korean Antarctic Stations.,temperature,EXCLUDE,"The exposure is prolonged Antarctic deployment combining isolation, photoperiod, and climate; no ambient temperature or cold-spell hazard effect is estimated.",FULLTEXT_REVIEW,"Longitudinal pre-departure/during-stay study of Antarctic winter-over crews measuring depression and sleep. Abstract does not clarify whether exposure is objectively measured ambient temperature or simply winter-over season/photoperiod, so a hazard-specific effect cannot be confirmed.",yes
294,D0017913,Elemental analysis of hair provides biomarkers of maternal hardship linked to adverse behavioural outcomes in 4-year-old children: The QF2011 Queensland Flood Study,flood,NARRATIVE_ONLY,"Prenatal flood hardship is a reported stress measure, and child internalizing and behavioral outcomes were measured only four years after the event.",EXCLUDE,"Study measures child behavioural/developmental outcomes (language, attention, internalizing/externalizing, aggression) after prenatal flood-related maternal hardship; no eligible mental-health outcome is reported.",no
297,D0018032,Association between Repeated Exposure to Hurricanes and Mental Health in a Representative Sample of Florida Residents,cyclone,FULLTEXT_REVIEW,"A representative panel was assessed before and after Irma and Michael with path estimates and CIs, but direct, indirect, media, and evacuation-zone exposures are not described as externally linked.",NARRATIVE_ONLY,"Hurricane exposure is captured via self-reported direct, indirect, media-based exposure, loss/injury, and evacuation behavior, not objective or externally verifiable hazard intensity; associations with PTSS/distress are reported but do not meet causal meta-analysis exposure criteria.",yes
299,D0018224,Impact of the 2018 Japan Floods on benzodiazepine use: A longitudinal analysis based on the National Database of Health Insurance Claims,flood,FULLTEXT_REVIEW,"A DID using officially certified victims reports prescription effects with CIs, but benzodiazepine prescriptions are not clearly restricted to an eligible mental-health indication.",META_ELIGIBLE,"Flood exposure is objective and externally verified by local government victim certification. DID compares before/after and victim/non-victim benzodiazepine prescriptions, a psychiatric service-use outcome. Adjusted ROR with 95% CI reported.",no
316,D0018947,The effect of hurricanes on mental health over the long term.,cyclone,FULLTEXT_REVIEW,"Difference-in-differences compares adults in Katrina/Rita-affected counties with other counties before and after the storms, but reported effect magnitudes lack uncertainty in the abstract.",META_ELIGIBLE,Original DiD study using BRFSS and PSID comparing mental health before and after Hurricanes Katrina/Rita in affected vs unaffected counties; objective county-level hurricane exposure; reports quantitative effects on poor mental health days and K-6 distress.,no
319,D0019189,Air pollution and suicide in rural and urban America: Evidence from wildfire smoke,wildfire,FULLTEXT_REVIEW,"Satellite wildfire smoke is linked to year-over-year county-month fluctuations in suicide rates, providing a temporal panel counterfactual, but the reported suicide effect lacks uncertainty.",META_ELIGIBLE,"Uses satellite wildfire smoke and PM2.5 measures; relates county-level year-over-year smoke fluctuations to suicide rates, a within-county temporal counterfactual. Reports quantitative suicide effect (0.27 per million per 1 ug/m3, 2.0%) and demographic contrasts.",no
322,D0019472,How ambient temperature affects mood: an ecological momentary assessment study in Switzerland,temperature,FULLTEXT_REVIEW,"Repeated mood ratings over seven days are analyzed with participant random effects and temperature effects are reported with 95% CIs, but the abstract does not identify the source of daily maximum temperature.",META_ELIGIBLE,Daily mood (affect) measured over 7 days in 906 adults; daily max temperature objectively assigned; mixed-effects logistic regression with participant random intercept and time/day/year fixed effects uses within-person temporal temperature variation; reports OR 0.93 (95% CI 0.88-0.99) per 5°C increase.,no
333,D0019888,"Spatiotemporal analysis of the surface urban heat island (SUHI), air pollution and disease pattern: an applied study on the city of Granada (Spain)",temperature,NARRATIVE_ONLY,"Satellite land-surface heat and 2021 disease patterns are related through ecological correlations, with suicide pooled among many diseases and no credible within-unit temporal counterfactual or suicide-specific effect.",FULLTEXT_REVIEW,"Uses satellite-derived temperature metrics and includes suicide among outcomes, but abstract reports correlations for multiple exposures and diseases collectively; no suicide-specific temperature effect with uncertainty is shown.",yes
336,D0020012,Mental health during the COVID-19 pandemic in a longitudinal study of Hurricane Katrina survivors,cyclone,EXCLUDE,"The analysis centers on mental health during COVID-19 and pandemic predictors; Katrina is a historical comparison in an already exposed cohort, not the primary hazard exposure being estimated.",NARRATIVE_ONLY,"Abstract reports prevalence of PTSD/distress 1-year post-Katrina and during COVID-19 and adjusted logistic regression predictors of mental health adversity, but no quantitative effect of Hurricane Katrina exposure versus a credible counterfactual; descriptive/predictor analysis only.",no
338,D0020063,Hurricane Michael and adverse social and mental health risk factors,cyclone,NARRATIVE_ONLY,Pregnancy screening records in affected counties are compared in simple periods before and after Michael without an unaffected control or interrupted time-series model; the abstract mainly describes screening and referral prevalence.,FULLTEXT_REVIEW,"Pre-post Hurricane Michael study of pregnant women includes stress/mental health services among screened risk factors, but abstract reports quantitative effects only for referral, medical illness, and smoking, not for an eligible mental-health outcome; no unaffected comparison group is described. Full text must confirm extractable mental-health hazard effects and design counterfactual.",yes
349,D0020483,Association of Postpartum Temperature Exposure with Postpartum Depression: A Retrospective Cohort Study in Southern California,temperature,META_ELIGIBLE,GridMET temperatures linked to residential addresses are analyzed as time-varying postpartum exposures in a discrete-time event model; adjusted PPD odds ratios and 95% CIs are reported.,FULLTEXT_REVIEW,"Objective gridMET temperature exposure and PPD are eligible and aOR with CI is reported. However, abstract does not clearly specify whether the time-to-event model uses time-varying within-person temperature exposure or adjustment for temporal/seasonal confounding, so credible counterfactual is unresolved.",no
352,D0020600,Running through the haze: How wildfire smoke affects physical activity and mental well-being,wildfire,FULLTEXT_REVIEW,"A subset completed repeated wellbeing measures during smoke and nonsmoke periods, but the abstract does not state how wildfire smoke periods were objectively identified and reports only means and p-values.",NARRATIVE_ONLY,"The study compares mental health during a smoke period (n=348) with a later smoke-free follow-up (n=162), with no pre-exposure outcome assessment; this exposed-first repeated-measures design lacks a credible pre-event counterfactual.",yes
355,D0020621,Heatwaves and its impact on the depressive symptoms among Chinese community-dwelling older adults: Examining the role of social participation,temperature,NARRATIVE_ONLY,Depressive symptoms come from the single 2018 CHARLS wave and are associated with accumulated heatwaves across older adults; a multilevel fixed-effect label does not establish within-person temporal outcome variation.,FULLTEXT_REVIEW,"Abstract reports objective heatwave exposure (daily max >35°C, 3+ days), CES-D depressive symptoms, and fixed-effect regression with b=0.66, p<0.001. However it does not confirm whether the 2018 CHARLS sample includes repeated outcome waves or within-unit temporal variation; multilevel fixed effects may be cross-sectional area-level adjustment. Full text must establish panel structure and baseline control before eligibility.",yes
357,D0020658,"Youth suicidality risk relative to ambient temperature and heatwaves across climate zones: A time series analysis of emergency department presentations in New South Wales, Australia",temperature,FULLTEXT_REVIEW,"A generalized additive daily time series estimates ambient-temperature effects on youth suicidality ED presentations, but the reported 1.3% increase per degree has no uncertainty interval.",META_ELIGIBLE,"Original time-series study using daily objective temperature and heatwave data to estimate effects on emergency department youth suicidality presentations in NSW. Abstract reports a significant 1.3% increase per 1°C above average daily mean temperature, meeting eligible outcome, exposure, design, and effect extractability criteria.",no
360,D0020751,"Association Between Extreme Heat and Outpatient Visits for Mental Disorders: A Time-Series Analysis in Guangzhou, China.",temperature,FULLTEXT_REVIEW,"A daily quasi-Poisson time series evaluates nine heatwave definitions and mental-disorder outpatient visits, but the supplied abstract ends before any numerical RRs or uncertainty are provided.",META_ELIGIBLE,"Time-series study with objectively defined heatwaves (daily mean temperature percentiles/durations) and outpatient visits for mental disorders from insurance claims; quasi-Poisson GLMs estimate heatwave risks and cumulative effects, satisfying causal meta-analysis inclusion.",no
371,D0021270,"Climate change anxiety, hurricane exposure, and climate change actions and attitudes: results from a representative, probability-based survey of US Gulf Coast residents",cyclone,NARRATIVE_ONLY,"The longitudinal survey's reported models focus on climate anxiety, actions, and attitudes; hurricane exposure predicts actions, while no hurricane-to-mental-health effect estimate is reported.",FULLTEXT_REVIEW,"Abstract reports hurricane exposure associations with actions and climate-anxiety associations with attitudes/actions, but no quantitative hazard effect on an eligible mental-health outcome (PTSD or climate anxiety). Longitudinal cohort and pre-hurricane recruitment suggest plausibility, but hazard-specific estimate and counterfactual are unresolved.",yes
376,D0021410,Floods and cause-specific mortality in the UK: a nested case-control study,flood,META_ELIGIBLE,Dartmouth flood records are linked to UK Biobank in a matched nested case-control distributed-lag analysis; the current-year flood effect on suicide mortality is reported as an OR with 95% CI.,FULLTEXT_REVIEW,"Objective flood index from Dartmouth Flood Observatory and suicide mortality are eligible; abstract reports lag-specific OR with 95% CI. However, the nested case-control design's counterfactual is not described (no within-unit temporal variation, matching criteria, or causal identification), so full text is needed to verify credible design and effect extractability.",no
377,D0021520,Short-term changes in mental health help-seeking behaviors following exposure to multiple social stressors and a natural disaster,cyclone,NARRATIVE_ONLY,The multi-event analysis reports median crisis-volume changes after Hurricane Laura and several nonhazard stressors; no hazard-specific adjusted effect with uncertainty or credible exposed comparison is reported.,FULLTEXT_REVIEW,"Uses Crisis Text Line time series to examine help-seeking after 2020 events including Hurricane Laura; outcome eligible and exposure objective. Abstract only reports median volume difference for Hurricane Laura (+1 to +7 conversations) and ARIMA estimates for COVID/election, not a hurricane-specific adjusted effect with uncertainty; unclear whether concurrent stressors are controlled.",yes
390,D0022188,The toll of the cyclone: mental health impacts of tropical cyclones in coastal communities of India,cyclone,FULLTEXT_REVIEW,"Cyclone landfall and inland penetration are linked to district-year medicine sales in fixed-effects distributed-lag models, but the 144% and 173% effects are reported without uncertainty.",META_ELIGIBLE,Objective cyclone landfall/inland penetration exposure; district-year panel with ARDL fixed effects; mental disorder medicine sales as psychiatric service use; reports adjusted 144% contemporaneous and 173% lagged effects.,no
391,D0022203,Prenatal exposure to heat stress and postpartum depressive symptoms in the MADRES cohort in urban Los Angeles,temperature,META_ELIGIBLE,Residential WBGT throughout pregnancy is analyzed with trimester and distributed-lag models against postpartum CES-D scores; adjusted percentage effects and 95% CIs are reported.,FULLTEXT_REVIEW,Prospective cohort with objective residential WBGT and CES-D postpartum depressive symptoms; reports trimester-specific adjusted percent change with CI. However abstract does not establish that seasonal/spatial temperature variation and DLM provide a credible counterfactual or specify confounders; full text needed.,no
394,D0022292,"Climate-Related Heat Stress and Psychological Outcomes in Self-Employed Delivery Workers: Evidence from Brasília, Brazil.",temperature,META_ELIGIBLE,"Twice-daily repeated psychological ratings are paired with station temperature over 15 days, and cluster-robust regressions report temperature coefficients with 95% CIs for stress and mood.",FULLTEXT_REVIEW,"Objective station temperature paired with twice-daily EMA stress/mood in 30 workers over 15 days; betas and CIs reported. However abstract does not state whether regressions used within-person fixed effects or otherwise isolated temporal exposure variation, so counterfactual is unresolved.",no
398,D0022434,Effect of ambient temperature and thermal comfort indices on emergency visits for psychotic and mood disorders: a case-crossover study in a French suburban area,temperature,FULLTEXT_REVIEW,"An 11-year time-stratified case-crossover compares heat metrics with psychiatric emergency visits, but reported percentage changes lack confidence intervals or other uncertainty.",META_ELIGIBLE,"Time-stratified case-crossover uses objective ambient temperature/thermal indices and emergency visits for mood/psychotic disorders, a psychiatric service-use outcome. Reports adjusted percent changes with significance/FDR.",no
402,D0022610,Association of heatwave exposure and multimorbidity with depression trajectories among older adults: evidence from the China Health and Retirement Longitudinal Study,temperature,FULLTEXT_REVIEW,"Five repeated depression waves are analyzed against heatwaves, but the abstract does not state the heat data source, whether exposure changes within participants, or numerical heat effects.",NARRATIVE_ONLY,"Longitudinal CHARLS data are used, but the abstract only describes latent growth curve trajectory identification, machine-learning prediction of trajectory class, and multinomial logistic regression; it reports no quantitative hazard effect size or uncertainty, and does not establish a within-unit temporal exposure counterfactual or pre-exposure baseline for the heatwave-depression effect.",yes
406,D0022760,High temperature and mental health in 3.3 million adults living in Barcelona metropolitan area: a 12-year time series analysis of primary care data,temperature,META_ELIGIBLE,"A 12-year time series uses Meteocat daily temperature and distributed-lag models for anxiety and depression diagnoses, prescriptions, and sick leave, with quantitative relative risks reported.",FULLTEXT_REVIEW,"Time-series DLNM with objective Meteocat temperature and eligible anxiety/depression outcomes; abstract reports effect magnitudes but no uncertainty, so full text must confirm CIs/adjusted estimates.",no
421,D0023100,Analysis of the global trends and causes of self-harm due to high temperature: a global level ecological study,temperature,EXCLUDE,"The outcome is a pre-attributed GBD heat-related self-harm burden, while the original analyses examine demographic and country-level drivers rather than estimate temperature's effect on self-harm.",NARRATIVE_ONLY,"Abstract reports decomposition/trend analysis of GBD heat-related self-harm mortality and a panel model of national indicators, not an original hazard effect estimate; no temperature effect on self-harm or counterfactual is reported.",no
426,D0023319,"The impact of climate shocks exposure to depressive and suicidal ideations among female population in Kilifi rural areas, Kenya",temperature|drought,FULLTEXT_REVIEW,"Two-stage least squares yields heat, drought, and rainfall effects with CIs, but the abstract does not state the hazard data source or instrument and defines treatment by household amenities.",NARRATIVE_ONLY,"Study compares informal-settlement women vs rural controls using 2SLS, but abstract reports no pre-exposure baseline, time-series, panel, or within-unit variation in climate shocks; treatment/control is defined by amenities rather than hazard exposure, so design appears cross-sectional post-exposure comparison without credible counterfactual.",yes
428,D0023456,"The association between hot days and substance-related suicides: a time-stratified case-crossover analysis in British Columbia, Canada",temperature,FULLTEXT_REVIEW,"The case-crossover design reports hot-day suicide effects with CIs, but the abstract does not identify the temperature data source used to classify hot days.",META_ELIGIBLE,"Time-stratified case-crossover uses objective hot-day temperature exposure and population suicide outcomes; conditional logistic regression reports OR with 95% CI (e.g., 1.19 [1.11, 1.29] for attempts), satisfying temporal counterfactual and extractable hazard effect.",no
429,D0023479,Urban heat island impacts on mental health in middle-aged and older adults,temperature,FULLTEXT_REVIEW,"Time-dependent Cox models report incident psychiatric effects of summer urban heat islands, but the abstract does not describe how UHI exposure was measured.",EXCLUDE,"The exposure is summer urban heat island (UHI) intensity, an urbanization-attributable manufactured temperature metric, not a registered naturally occurring ambient temperature hazard. Thus the study does not meet the exposure domain even though it reports HRs for eligible mental health outcomes.",yes
433,D0023582,Fine Particulate Matter from 2020 California Wildfires and Mental Health-Related Emergency Department Visits,wildfire,FULLTEXT_REVIEW,"Daily lagged wildfire-specific PM2.5 is associated with diagnosis-specific ED visits with CIs, but the abstract labels the study cross-sectional and does not state how fire-specific PM2.5 was derived.",META_ELIGIBLE,"Daily ED visit counts and wildfire-specific PM2.5 over the 2020 California wildfire season; abstract reports lagged cumulative relative risks with 95% CIs, indicating a time-series analysis of objective exposure and eligible psychiatric service use outcomes.",no
440,D0023870,Mental health disparities among maternal populations following heatwave exposure in North Carolina (2011–2019): a matched analysis,temperature,FULLTEXT_REVIEW,"Heatwave periods are matched to nonheatwave periods and severe mental-illness RRs are reported, but the abstract does not identify the temperature source or heatwave construction.",META_ELIGIBLE,"Matched analysis compares ED psychiatric visits during heatwave vs matched non-heatwave periods at ZCTA level, reports RR and CI for maternal mental health outcomes. Objective heatwave exposure, eligible psychiatric service use, temporal counterfactual.",no
441,D0023885,More than a feeling: A global economic valuation of subjective wellbeing damages resulting from rising temperatures.,temperature,FULLTEXT_REVIEW,"Daily land-surface temperature is linked to repeated annual global surveys and a wellbeing change is stated, but the model's within-unit counterfactual and uncertainty are not described.",META_ELIGIBLE,"Original quantitative study uses objective daily land surface temperature and subjective wellbeing from nationally representative surveys across 160 countries over 13 years; reports significant 0.5% wellbeing loss per exceptional hot day, with temporal temperature variation.",no
442,D0023899,"Flooding, Sociospatial Risk, and Population Health",flood|cyclone,FULLTEXT_REVIEW,"Predisaster and postdisaster surveys linked to inundation are analyzed with difference-in-differences, but the abstract reports significance without an effect estimate or uncertainty.",META_ELIGIBLE,"Repeated cross-sectional pre/post Hurricane Harvey surveys linked to objective flood inundation; difference-in-differences models estimate flood effects on psychological distress and unhealthy mental health days, reporting significant adjusted effects.",no
446,D0024000,Neighborhood Disadvantage and the Association of Hurricanes Sandy and Harvey With Veterans' Mental Health,cyclone|flood,NARRATIVE_ONLY,"Veterans in hurricane-affected regions are followed for subsequent visits and compared by flooding or assistance status, but no pre-event outcome trend or credible before-after control is analyzed.",FULLTEXT_REVIEW,"Retrospective cohort uses FEMA-defined hurricane exposure and VHA acute mental health visits, but abstract does not specify whether Cox models used within-person pre/post exposure variation or only post-event flooded/assistance gradients. Exact overall hurricane HR and CIs are not reported, only subgroups.",yes
473,D0024756,Ambient temperature and the variability between neighbouring days impacts in-patient hospitalizations in the United Kingdom.,temperature,FULLTEXT_REVIEW,"Gridded temperature is linked to daily admissions and a mental-disorder OR with CI is reported, but the abstract omits the analytic design and temporal control specification.",META_ELIGIBLE,"Daily hospital admissions linked to UK Biobank with ambient temperature at 1x1 km; reports mental disorders hospitalization OR 1.08 (95% CI 1.00-1.16) during cold season using lagged daily temperature, indicating temporal exposure variation and extractable effect.",no
477,D0024811,Associations between wildfire smoke exposure and health-related quality of life: findings from the Lovelace Smokers Cohort,wildfire,NARRATIVE_ONLY,"Wildfire-smoke windows before a single questionnaire are associated with SF-36 mental-health scores, without a repeated pre-smoke outcome or within-person temporal counterfactual.",FULLTEXT_REVIEW,"Abstract supports objectively modeled wildfire smoke PM2.5/BC exposure and SF-36 mental health component, but does not establish whether participants had repeated outcome measures, pre-exposure baseline, or within-unit temporal variation versus cross-sectional exposure contrasts. Effect estimates and uncertainty are not shown in the abstract.",yes
486,D0026833,The effects of an acute stressor on depressive symptoms among older adults: The moderating effects of social support and age,flood,NARRATIVE_ONLY,"Pre- and post-flood depression are available, but the focal hazard variables are reported flood exposure and loss, with no objective flood linkage described.",FULLTEXT_REVIEW,"Abstract reports pre/post flood depression with prior depression control, but flood exposure source is undescribed (possibly self-reported flood loss), so objective/verifiable measurement cannot be confirmed. No effect size or uncertainty reported.",yes
489,D0028557,Climate and happiness,temperature,NARRATIVE_ONLY,Country-level happiness differences are related to largely climatic means and extremes; the abstract does not describe within-country temporal hazard variation or a credible event counterfactual.,FULLTEXT_REVIEW,"Panel of 67 countries links objective temperature/precipitation to self-reported happiness, an eligible wellbeing outcome, but abstract does not confirm country fixed effects or within-unit temporal identification, and no effect size/uncertainty is given; full text needed to establish credible counterfactual and extractable temperature-specific estimates.",yes
494,D0030595,Natural disasters and the oldest-old: A psychological perspective on coping and health in late life,cyclone,EXCLUDE,"This book chapter reviews aging, resilience, and coping and presents selected data from an existing study rather than a clearly reported original quantitative hazard-effect analysis.",FULLTEXT_REVIEW,"Pre/post hurricane assessments of self-reported health and well-being suggest a possible longitudinal natural experiment, but the abstract reports only comparable results without a quantitative hazard effect or uncertainty.",yes
497,D0030992,Quantifying the costs of drought: New evidence from life satisfaction data,drought,FULLTEXT_REVIEW,"Rainfall-defined drought is matched to individual life satisfaction and analyzed with fixed effects, but the abstract reports only an income-equivalent effect without statistical uncertainty.",META_ELIGIBLE,"Rainfall-matched drought exposure is objective and life satisfaction is an eligible wellbeing outcome. Fixed-effect models provide within-unit temporal counterfactual, and the abstract reports a quantitative drought effect (A$18,000 equivalent) that is extractable.",no
499,D0032400,"Stability, change, and the stability of change in daily workplace affect",cyclone,EXCLUDE,"The primary study concerns workplace affect dynamics and affect spin; the hurricane is an incidental interruption, and no hurricane effect on affect is reported.",FULLTEXT_REVIEW,"Daily affect is an eligible subjective wellbeing/affect outcome and the hurricane is an objective event interrupting a 21-day diary, suggesting possible longitudinal pre/post exposure. However, the abstract reports no hurricane-specific quantitative effect size or uncertainty, so effect extractability is unresolved.",yes
502,D0033399,"The impact of extreme heat on morbidity in Milwaukee, Wisconsin",temperature,FULLTEXT_REVIEW,"Meteorological and hospital data were modeled over 1989-2005, and self-harm admissions were heat-sensitive, but the abstract gives no self-harm-specific estimate with uncertainty.",META_ELIGIBLE,"Time-series GAM of daily hospital admissions 1989-2005 with objective meteorological temperature; self-harm admissions explicitly among causes affected and percent increase per degree above threshold was quantified, so an adjusted mental-health effect is extractable.",no
514,D0039823,Before and after a natural disaster: Disruption in emotion component of place-identity and wellbeing,wildfire,NARRATIVE_ONLY,"The analysis describes how the place-identity/wellbeing relationship changed after the fire, not a quantitative wildfire effect on wellbeing.",FULLTEXT_REVIEW,"Original quantitative before/after wildfire study with wellbeing outcome and objective fire exposure. Abstract reports only change in place-identity-wellbeing association, not a direct hazard effect on wellbeing with uncertainty; full text must establish extractable effect.",yes
523,D0043970,Evaluating wildfire exposure: Using wellbeing data to estimate and value the impacts of wildfire,wildfire,FULLTEXT_REVIEW,"A nationally representative longitudinal study used individual fixed effects and residential proximity to Black Saturday fires, but no life-satisfaction effect estimate with uncertainty is given.",META_ELIGIBLE,"Longitudinal individual fixed-effects study using nationally representative wellbeing data; estimates effect of residential proximity to the 2009 Black Saturday wildfires on life satisfaction, reporting a significant monetised effect and indicating an extractable adjusted estimate.",no
525,D0044689,The ecology of unsheltered homelessness: Environmental and social-network predictors of well-being among an unsheltered homeless population,temperature,EXCLUDE,"Temperature was not analyzed as the main exposure: general health was described by winter season, while emotional wellbeing was modeled against social conflict and other non-hazard factors.",FULLTEXT_REVIEW,"Fixed-effects regression and emotional well-being outcome are mentioned, but the abstract reports winter/cold-season associations only for general health, not for an eligible mental-health outcome, and does not confirm objective ambient-temperature measurement or a panel counterfactual.",yes
529,D0047550,The 2021 Western North American heat dome increased climate change anxiety among British Columbians: Results from a natural experiment,temperature,META_ELIGIBLE,"Pre- and post-heat-dome samples were analyzed as a natural experiment with measured climate anxiety; adjusted effect, standard error, and p-value are reported.",NARRATIVE_ONLY,"Two independent cross-sectional online surveys before and after the 2021 heat dome (n=439 and n=420); no within-person temporal exposure variation or concurrent unexposed control, so pre/post difference is not a credible counterfactual despite multivariable adjustment.",yes
532,D0049094,Climate change and depressive disorders in middle-aged and older people in China: A quasi-experimental study,temperature,FULLTEXT_REVIEW,"Hot-night and cold-spell effects on depressive disorders are reported with 95% CIs, but the abstract does not describe exposure data or the quasi-experimental identification strategy named in the title.",META_ELIGIBLE,"Quasi-experimental quantitative study of objectively measured temperature-related exposures (hot nights, cold spells) on depressive disorders in middle-aged/older Chinese adults; reports Excess Risk with 95% CIs, meeting all meta-analysis criteria.",no
536,D0049529,Does extreme temperature exposure take a toll on mental health? Evidence from the China Health and Retirement Longitudinal Study,temperature,FULLTEXT_REVIEW,"NOAA temperature exposure was linked to repeated cohort data with city, year, and individual fixed effects, but adjusted heat and cold effects lack uncertainty in the abstract.",META_ELIGIBLE,"Uses NOAA-based cumulative heat/cold days with CHARLS panel and individual, city, and year fixed effects; depression outcome. Reports significant adjusted effects: heat 1.75%, cold 3.00%.",no
549,D0053294,Economic factors mediate the impact of drought on farmer suicides in India,drought,FULLTEXT_REVIEW,"Temporal variation in drought was linked to a 19% increase in male farmer suicides, but the abstract omits the drought measure, data source, and effect uncertainty.",META_ELIGIBLE,"Abstract reports original temporal analysis of suicide occurrence showing droughts increase male farmer suicides by 19%, with insignificant impacts on other groups; drought is objective and suicide is eligible.",no
550,D0053576,Relationship between the Temperature-humidity Index of Twenty-four Solar Terms and Depression,temperature,FULLTEXT_REVIEW,"Official meteorological data and depression outpatient visits were modeled with Poisson and distributed-lag methods, but the supplied abstract ends before any effect result or uncertainty.",EXCLUDE,"Exposure is temperature-humidity index (Humidex), a composite of temperature and humidity, not a registered hazard in the strict list (ambient temperature alone). Time-series design and depression outcome would be eligible, but exposure is ineligible.",yes
554,D0054920,Impacts of hot and cold nights on mental disorders: A three-stage nationwide hospital-based time-series study with 1.2 million patients in China,temperature,FULLTEXT_REVIEW,"A multicity distributed-lag time series estimated hot- and cold-night mental-disorder burden, but the abstract omits the temperature data source and uncertainty for the reported attributable fractions.",META_ELIGIBLE,"Nationwide time-series study uses daily outpatient visits for mental disorders and objective temperature-derived hot/cold day/night indices. Distributed lag non-linear model estimated city-specific risks pooled by meta-analysis to obtain national effect estimates, with attributable fractions reported.",no
562,D0055810,The Impact of Eco-Anxiety and Extreme Weather Proximity on Young People’s Happiness and Life Satisfaction: A Natural Experiment,flood,FULLTEXT_REVIEW,"The article labels the 2021 flood analysis a natural experiment and compares wellbeing relationships before and after exposure, but gives no sampling, exposure-linkage, model, or uncertainty details.",EXCLUDE,"Abstract frames flood proximity as a moderator of the eco-anxiety–well-being association, not as the main exposure. It reports no direct quantitative effect of flood exposure on happiness or life satisfaction, so no extractable hazard–outcome estimate is present.",yes
567,D0056559,Urban heat island and the risk of schizophrenia spectrum disorders in middle-aged and older adults,temperature,NARRATIVE_ONLY,A prospective cohort related fixed long-term satellite UHI levels to incident schizophrenia; the abstract does not use within-person temporal heat variation or a quasi-experimental counterfactual.,EXCLUDE,"Schizophrenia spectrum disorders and schizophrenia are not among the eligible mental-health outcomes; abstract reports only incident SSD/schizophrenia diagnoses and brain structure changes, so outcome is ineligible.",no
573,D0057660,Examining individuals’ protective behavioral decision-making dynamics over repeated risks of heat waves in the American West,temperature,NARRATIVE_ONLY,"The two-wave panel describes changes in risk perception, efficacy, actions, and negative affect during repeated heat-wave risks; it does not estimate an objectively linked heat effect on mental health.",EXCLUDE,"Abstract focuses on protective behavioral decision-making constructs (risk perception, efficacy, negative affect, protective actions, negative experiences) over repeated heat waves, not an eligible mental-health or subjective wellbeing outcome. No hazard effect on mental health is estimated.",no
574,D0057685,"Hawaiʻi crisis center contacts related to the 2023 Maui wildfires, with monthly pre- and post-fire analyses",wildfire,NARRATIVE_ONLY,The study reports monthly proportions and trends among Maui-fire-related crisis contacts after the fire rather than estimating a wildfire effect against a pre-event outcome or credible control.,FULLTEXT_REVIEW,Original quantitative crisis-center contacts after 2023 Maui wildfires with mental health/suicidal outcome; title suggests monthly pre-post analysis but abstract reports only post-fire monthly proportions and no clear baseline comparison or hazard-specific effect with uncertainty.,yes
575,D0057798,Impact of hurricane maria on mental and physical health among puerto ricans: A matched difference-in-differences analysis,cyclone,FULLTEXT_REVIEW,"Matched difference-in-differences compared poor mental-health days before and after Maria against matched samples, but the 0.13-day effect is reported without uncertainty.",META_ELIGIBLE,Original DID study using BRFSS 2016-2018 estimates Hurricane Maria's effect on days of poor mental health among Puerto Ricans versus matched samples. Exposure is objectively verifiable; adjusted effect sizes and statistical significance are reported.,no
577,D0058932,The potential impact of urban overheating on depression symptoms among urban middle-aged and older adults: Evidence from China,temperature,FULLTEXT_REVIEW,Five-wave data linked annual UHI to CES-D using two-way fixed effects and an instrumental variable; effect magnitudes are given but uncertainty is not.,META_ELIGIBLE,"Longitudinal CHARLS panel with city-level objective UHI intensity, two-way fixed effects and IV; CES-D10 depression outcome; reports adjusted point estimates (0.44 and 1.05 per 1°C).",no
579,D0058948,The effects of home-country natural disasters on refugee mental health,flood,FULLTEXT_REVIEW,Six-wave refugee data used individual fixed effects and time-varying home-country disasters; a flood-specific K6 effect is quantified but no uncertainty is provided.,META_ELIGIBLE,"Longitudinal panel of refugees with six waves and fixed-effects regression; home-country natural disasters, concentrated in floods, as exposure; Kessler-6 psychological distress outcome; reports an adjusted effect size (0.019 SD increase). Abstract lacks uncertainty but indicates extractable adjusted effect.",no
582,D0059043,Impact of Prenatal Stress on Autonomic Nervous System Functioning and Psychopathology Risk in Early Childhood: The Harvey Mom Study,cyclone,NARRATIVE_ONLY,"Pregnant participants self-reported objective hardship and subjective distress after Harvey; no externally linked hurricane exposure was used, and child behavioral problems are not clearly an eligible mental-health endpoint.",EXCLUDE,"Outcomes are infant autonomic nervous system activity (RSA, HR) and parent-reported child behavioural problems; neither is an eligible mental-health outcome (depression, anxiety, distress, PTSD, suicide, etc.).",no
588,D0059552,Wildfire-sourced fine particulate matter and mental disorders in children and adolescents,wildfire,FULLTEXT_REVIEW,"Daily wildfire-specific PM2.5 effects on child mental-health ED visits are reported with uncertainty, but the abstract omits the smoke model, study design, and temporal comparison strategy.",META_ELIGIBLE,"Daily time-series of wildfire-specific PM2.5 and mental-health ED visits across 845 communities; reports lagged effect with CI (1.4%, 1.4-1.5% per 1 µg/m3), satisfying temporal variation and extractable estimate.",no
589,D0059580,"Adapting to the heat of the moment: A mobile experience sampling study on the dynamics of heat stress, appraisals, affect, and behaviour",temperature,NARRATIVE_ONLY,"Meteorological data were linked to intensive surveys, but reported results concern threat appraisal, warnings, and protective behavior; no heat effect on negative affect is presented.",FULLTEXT_REVIEW,"Uses meteorological heat and longitudinal EMA with within-person models, but abstract reports only heat→threat appraisal and affect/behaviour links; no heat-specific effect on an eligible mental-health outcome (affect) with uncertainty is shown.",yes
591,D0059838,Happiness on wheels: What makes cyclists happy?,cyclone,FULLTEXT_REVIEW,"An eight-week repeated diary modeled happiness after rides against official tropical-cyclone warning signals, but no cyclone-warning effect estimate or uncertainty is reported.",EXCLUDE,"Exposure is issuance of weather warnings (thunderstorm, rainstorm, tropical cyclone signal), not actual measured tropical cyclone or other registered natural hazard. Abstract lacks objective natural hazard exposure; warning signals are administrative forecasts, not climate hazard variation.",yes
592,D0059992,Exploring the effect of average daily temperature on acute episodes of psychiatric disorders in Shenzhen based on distributional lag nonlinear model,temperature,FULLTEXT_REVIEW,"Emergency mental-disorder episodes and meteorological data were analyzed with distributed-lag nonlinear models, but RRs are reported without CIs or other uncertainty.",META_ELIGIBLE,"Daily meteorological temperature data and emergency psychiatric episodes over 2013-2022 were analyzed with DLNM, providing temporal exposure variation and quantitative RR/CRR estimates with P<0.05.",no
599,D0067736,Influence of compensation satisfaction on change of health-related quality of life after a flood,flood,FULLTEXT_REVIEW,"A designated cohort had SF-36 data before the flood and repeated post-flood assessments, but the abstract focuses on compensation satisfaction and does not report a direct flood effect with uncertainty.",NARRATIVE_ONLY,"Single flood cohort has pre-event and post-event HRQOL/depression/PTSD data, but abstract analyzes compensation satisfaction as predictor of change and reports no flood hazard effect estimate; no hazard exposure variation or credible counterfactual for flood effect.",yes
601,D0069928,Pretrauma and posttrauma neurocognitive functioning and PTSD symptoms in a community sample of young adults,wildfire,EXCLUDE,The analysis treats fire-related PTSD symptoms as predictors of neurocognitive change among fire-exposed participants; it does not estimate the wildfire's effect on an eligible mental-health outcome.,NARRATIVE_ONLY,Abstract analyzes PTSD symptoms as predictors of neurocognitive change and pretrauma cognition as vulnerability factors in an exposed-only post-fire cohort; it does not estimate a fire hazard effect on mental health with a credible counterfactual or report an extractable hazard effect.,no
602,D0070013,Swept away: Use of general medical and mental health services among veterans displaced by Hurricane Katrina,cyclone,META_ELIGIBLE,Veterans in Katrina-affected regions were compared with same-month cohorts from the prior two years; adjusted models report large hurricane-period declines in mental-health and substance-use service use.,FULLTEXT_REVIEW,"Abstract uses VA administrative data comparing post-Katrina service use to prior-year cohorts, providing objective cyclone exposure and a temporal counterfactual for psychiatric service use. But reported adjusted effect is for any outpatient services; abstract does not give mental-health-specific estimate or uncertainty, so full text is needed to confirm extractable psychiatric service-use effect.",no
609,D0073285,Trends in adolescent health needs following Hurricane Katrina: Analysis from high ground,cyclone,META_ELIGIBLE,"Repeated school screening data span pre-Katrina, Katrina-year, and post-Katrina periods; adjusted comparisons report depression odds and 95% CIs against the pre-event period.",FULLTEXT_REVIEW,"Abstract reports before/during/after Hurricane Katrina comparison of GAPS screening data with adjusted OR for depression, but does not clarify whether the repeated cross-sectional design controlled for secular trends or used a credible counterfactual. Pre-post period comparison alone may not be causal; full text needed to verify design, exposure assignment, and adjustment.",no
616,D0077381,Childhood sleep patterns longitudinally predict later post-traumatic stress after Hurricane harvey,cyclone|flood,EXCLUDE,"The analysis estimates whether pre-hurricane sleep predicts post-Harvey PTSD and stress; hurricane adversity is only a control, and no hurricane hazard effect on mental health is estimated.",NARRATIVE_ONLY,"Longitudinal predictor study of pre-hurricane sleep and post-Harvey PTSD in 69 exposed youth; hurricane adversity is self-reported and only a covariate, with no hazard effect or counterfactual estimated.",no
621,D0078732,Short-term impacts of air temperature on hospitalizations for mental disorders in Lisbon,temperature,META_ELIGIBLE,"Daily temperature and mental-disorder admissions were analyzed with a distributed-lag quasi-Poisson time-series model adjusted for temporal and environmental confounders, with significant lagged effects reported.",FULLTEXT_REVIEW,"Original time-series study using quasi-Poisson GAM with DLNM to estimate daily mean temperature effects on mental disorder hospitalizations in Lisbon. Objective exposure and eligible psychiatric service use; abstract reports significant high-temperature association but omits numeric effect estimate/uncertainty, preventing META_ELIGIBLE; full text must confirm extractable adjusted RR/CI.",no
628,D0081912,"Cardiometabolic conditions and their risk factors among adults in Puerto Rico before and after hurricane maría, 2015-2019",cyclone,FULLTEXT_REVIEW,"A subset of 87 participants had repeated pre- and post-Maria psychosocial measures, but the abstract supplies only crude percentages and qualitative repeated-participant differences without an adjusted hurricane effect and uncertainty.",NARRATIVE_ONLY,"Abstract contrasts prevalence of depressive symptoms and perceived stress before (2015) and after (2019) Hurricane Maria using two cross-sectional samples and a small returning subset, reporting prevalence differences with p-values rather than estimating a hazard effect with a credible counterfactual. This is descriptive pre/post prevalence, not causal.",yes
629,D0081914,Health care access and health indicators in puerto rico pre-and post-hurricane maria: Analysis of data from 2015-2018 behavioral risk factor surveillance system,cyclone,FULLTEXT_REVIEW,"BRFSS depression was compared across three pre-Maria years and one post-Maria year, but the abstract does not report the depression result or establish that the repeated cross-sections support a credible hurricane counterfactual.",NARRATIVE_ONLY,Repeated cross-sectional BRFSS surveys pre/post Hurricane Maria with no within-person baseline or credible counterfactual; authors note compositional change from migration. Depression was listed as an outcome but no mental-health effect estimate is reported.,yes
642,D0091891,"Immediate and delayed effects of environmental temperature on schizophrenia admissions in Liuzhou, China, 2013-2020: a time series analysis",temperature,META_ELIGIBLE,"Daily mean temperature and schizophrenia admissions were analyzed over eight years with Poisson distributed-lag models, with statistically significant immediate and cumulative relative risks described.",FULLTEXT_REVIEW,"Time-series DLNM of daily mean temperature and schizophrenia admissions; reports relative risks and lag effects but abstract lacks numeric effect estimates and uncertainty, so extractable quantitative hazard effect requires full text.",no
652,D0094363,Prenatal heat and air pollution exposure alter progesterone and child behavior: A longitudinal study,temperature,NARRATIVE_ONLY,"Prenatal heat is represented by trimester exposure to summer and related to later child internalizing behavior, but the cohort has no pre-exposure outcome or quasi-experimental counterfactual and heat is confounded with season.",FULLTEXT_REVIEW,Prospective cohort reports beta/P for prenatal heat on child internalizing/externalizing. Abstract does not resolve whether heat used measured ambient temperature or only summer-month calendar proxy; outcome measure not confirmed as an eligible mental-health outcome; adjustment/identification strategy unclear.,yes
660,D0096170,High Temperature and Mental Health in 3.3 Million Adults Living in Barcelona Metropolitan Area: A 12-Year Time Series Analysis of Primary Care Data,temperature,META_ELIGIBLE,"A 12-year primary-care time series links Meteocat daily temperature to anxiety and depression diagnoses, prescriptions, and sick leave with distributed-lag models and reports percentage risk increases.",FULLTEXT_REVIEW,"Time-series analysis of objective daily temperature and primary care anxiety/depression outcomes (diagnoses, prescriptions, sick leave). Abstract reports effect sizes but no confidence intervals or standard errors; full text must confirm uncertainty for meta-analysis.",no
663,D0097311,Retrospective interrupted time-series evaluation of mental distress among transgender and gender diverse youth after Hurricane Ian (2022),cyclone,META_ELIGIBLE,"An ARIMA interrupted time series uses a full pre-Ian year, poststorm observations, and unexposed neighboring-state and non-TGD comparisons; suicide and self-harm changes are reported quantitatively.",FULLTEXT_REVIEW,"ARIMA interrupted time-series of Hurricane Ian with objective exposure and eligible mental health outcomes; reports percent change in text volume but no uncertainty or significance tests, so effect extractability is unresolved from abstract.",no
673,D0098379,Thinking clearly about climate change and mental health,temperature,NARRATIVE_ONLY,The paper critiques prior evidence and adds simple national and state-level temperature-suicide regressions; the abstract itself concludes these designs cannot identify a climate-caused suicide effect.,FULLTEXT_REVIEW,"Original aggregate US temperature-suicide analysis (1968-2004) with objective exposure and eligible outcome, but abstract reports only directional associations and does not specify time-series versus cross-sectional/ecological design, adjustment, or quantitative effect with uncertainty. Full text needed to confirm credible counterfactual and extractable estimates.",yes
676,D0098756,The transformation of suicide fluctuation in Slovenia,temperature,NARRATIVE_ONLY,"The study reports unadjusted correlations of annual suicide fluctuations with temperature and sunshine and speculates about antidepressant use, without a controlled hazard-effect design.",FULLTEXT_REVIEW,"Abstract reports a significant correlation between suicide incidence and temperature but gives no coefficient, uncertainty, or details of the time-series model; full text needed to establish credible counterfactual and extractable effect.",yes
678,D0098761,Climatic conditions and southern state hospital admission rates,temperature,EXCLUDE,Only seasonal admission rates are reported; uncomfortable summer weather is speculative and no measured ambient-temperature exposure or hazard-effect estimate is described.,NARRATIVE_ONLY,"Abstract reports monthly state hospital admission rates over 5 years and notes summer had the highest rate, but no measured hazard exposure, causal design, quantitative effect, or uncertainty is reported. This is a descriptive seasonal pattern without a hazard effect.",no
680,D0098774,Influence of method on seasonal distribution of attempted suicides in Italy,temperature,FULLTEXT_REVIEW,"Twelve years of attempted-suicide admissions show correlations with temperature indicators, but the abstract does not state the exposure source, temporal model, confounder control, or an extractable effect.",NARRATIVE_ONLY,"Abstract reports a descriptive seasonal distribution/spectral analysis of attempted suicides and correlations with temperature indicators, not a hazard-specific effect estimate with uncertainty; no explicit causal counterfactual or adjusted temperature effect.",yes
685,D0099075,Seasonal admission rates in Texas mental hospitals,temperature,EXCLUDE,The abstract reports only seasonal mental-hospital admission counts in warm versus cold weather and does not identify a measured ambient-temperature exposure.,NARRATIVE_ONLY,"Abstract only describes seasonal admission patterns (increase in warm weather, decrease in cold) without a quantitative hazard effect, uncertainty, or credible counterfactual, so unsuitable for causal meta-analysis.",no
699,D0100088,"Non-economic factors in violence: Evidence from organized crime, suicides and climate in Mexico",temperature,EXCLUDE,"The target outcomes are organized-crime killings and interpersonal homicide; suicide appears only as a comparison, and no temperature effect on an eligible mental-health outcome is reported.",FULLTEXT_REVIEW,Abstract indicates a quantitative temperature relationship with suicides in Mexico but reports no suicide-specific effect size or uncertainty and does not specify exposure source or design.,yes
701,D0100655,Environmental factors and admission rates in patients with major psychiatric disorders,temperature,EXCLUDE,"Temperature was one of several environmental correlates, but the reported finding concerns photoperiod; the abstract does not report a temperature effect on admissions as the primary hazard analysis.",NARRATIVE_ONLY,"Monthly correlations between admission rates and environmental factors (temperature, humidity, etc.) are descriptive; only a photoperiod association is reported, no temperature-specific effect or uncertainty. Bivariate ecological correlations lack a credible counterfactual for causal meta-analysis.",no
730,D0107358,The association of adverse mental health effects with repeated exposure to disasters.,flood,FULLTEXT_REVIEW,"The study modeled post-flood disorders by number of flood exposures while controlling lifetime pre-disaster disorders, but it is unclear whether pre-event outcomes were prospectively measured or reconstructed retrospectively.",EXCLUDE,"Abstract reports post-disaster psychopathology consisted mainly of alcohol use disorder that predated floods; PTSD and incident psychiatric disorders were nonexistent or rare. Alcohol use disorder is not an eligible mental-health outcome, and no extractable effect on an eligible outcome is shown.",yes
731,D0107359,The association of adverse mental health effects with repeated exposure to disasters,flood,FULLTEXT_REVIEW,"The study modeled post-flood disorders by number of flood exposures while controlling lifetime pre-disaster disorders, but it is unclear whether pre-event outcomes were prospectively measured or reconstructed retrospectively.",EXCLUDE,"The abstract reports post-disaster psychopathology consisted mainly of alcohol use disorder that predated the disasters, while disaster-related PTSD and incident psychiatric disorders were nonexistent or rare. Alcohol use disorder is not an eligible mental health outcome.",yes
736,D0109090,A polar expedition in challenging circumstances: Experiences and reactions,temperature,EXCLUDE,"The study evaluates psychological reactions before, during, and after a polar expedition as a bundled experience; it does not measure ambient temperature as the explanatory exposure.",NARRATIVE_ONLY,"Case series of four expeditioners with GHQ-30 and STAI measured before, during, and after an expedition; abstract reports qualitative themes and descriptive psychometric trajectories but no objective temperature exposure measure or hazard-specific causal effect.",no
754,D0119871,"Resource loss, resource gain, and mental health among survivors of Hurricane Katrina.",cyclone,EXCLUDE,The explanatory variables are post-hurricane losses and gains in resources; hurricane exposure is controlled rather than estimated as the primary hazard effect.,NARRATIVE_ONLY,"Abstract tests resource loss/gain as predictors of posthurricane distress among 402 Katrina survivors, not a hurricane hazard effect. All participants experienced the same event; no hazard variation or credible counterfactual, so no extractable hazard effect.",no
755,D0119948,Intrusive thoughts and young children's knowledge about thinking following a natural disaster.,cyclone,NARRATIVE_ONLY,"Hurricane-exposed and control children were surveyed ten months after Katrina, with no pre-event intrusive-thought or mental-health outcome.",EXCLUDE,"Study measures children's intrusive thoughts and knowledge about thinking, not an eligible mental-health outcome (e.g., PTSD, depression, distress). Post-event hurricane-exposed vs control comparison only.",no
757,D0120775,Change of mental health status caused by flood in a Korean village: Prospective study over an eighteen-month period,flood,FULLTEXT_REVIEW,"Residents and a control village had pre- and post-flood measures, but the abstract reports within-flood-village change and post-event control prevalence without a clear comparative-change estimate.",META_ELIGIBLE,"Prospective cohort with pre-disaster mental-health measures in a village before a 2006 flood and follow-up after, reporting quantitative pre-post changes in PWI and SF-36 mental health with t, df, and p; qualifies as longitudinal pre/post with objectively verified flood exposure.",no
759,D0122204,A prospective study of the impact of floods on the mental and physical health of older adults.,flood,FULLTEXT_REVIEW,"Older adults completed mental-health surveys before and after a flood and affected versus unaffected change was compared, but flood experience ascertainment and numerical effects are not reported.",NARRATIVE_ONLY,"Longitudinal pre/post flood study with baseline and eligible outcomes, but flood exposure ('personally affected', 'greater flood exposure') is self-reported via flood experience questionnaires; no objective/externally verifiable exposure stated. Self-reported exposure only makes causal hazard effect unsuitable for meta-analysis.",yes
760,D0122216,Posttraumatic stress disorder and use of psychiatric and alcohol related services: the effect of the 2004-2005 Florida hurricane seasons on veterans.,cyclone,META_ELIGIBLE,Administrative service use changed after hurricane landfall in affected counties and was contrasted with non-affected counties; percentage changes and p values are reported.,FULLTEXT_REVIEW,"Abstract suggests pre-post change in mental health service use comparing hurricane-affected vs nonaffected counties (+28.0 vs -6.5%, p=0.001), but does not clearly describe pre-hurricane baseline, adjustment for confounding, or the counterfactual. Missing design details preclude META_ELIGIBLE.",no
765,D0127800,Climate change during one year before birth predicted child mental problems at age four,temperature,NARRATIVE_ONLY,Prenatal reanalysis temperature was linked to a single child mental-health assessment at age four; no pre-exposure outcome or quasi-experimental counterfactual is described.,FULLTEXT_REVIEW,"Objective ambient temperature from TReAD and caregiver-reported CBCL anxiety/depression outcomes are eligible, but abstract reports ORs without confidence intervals and does not describe adjustment for confounders or the counterfactual in the DLNM. Full text must establish adjusted hazard-specific estimates with uncertainty and credible temporal control.",yes
786,D0128882,Examination of the relationship between academic achievement and traumatic stress following Hurricane Katrina,cyclone,EXCLUDE,The main exposure is PTSD symptom severity and the outcome is academic achievement; hurricane exposure is not analyzed as the primary cause of an eligible mental-health outcome.,NARRATIVE_ONLY,Abstract reports HURTE self-reported hurricane-related traumatic experiences only; PTSD measured post-Katrina without pre-event mental-health baseline; analyses link PTSD to academic achievement rather than estimating a hazard effect on mental health.,no
793,D0129019,"Trajectories of psychological distress among low-income, female survivors of Hurricane Katrina",cyclone,FULLTEXT_REVIEW,"Distress was measured before and twice after Katrina, but latent trajectory classes and stressor predictors are reported without an extractable hurricane-occurrence effect or uncertainty.",NARRATIVE_ONLY,"Longitudinal pre/post study of Katrina survivors, but uses LCGA to describe distress trajectories; hurricane-related stressors predict trajectory membership with no objective hazard variation or extractable hazard-effect estimate.",yes
799,D0129532,"Impact of emergency evacuations on skilled nursing facilities residents' health during 2009 floods in Fargo, North Dakota",flood,EXCLUDE,"The explanatory exposure is skilled-nursing-facility evacuation, with flood serving only as the reason for evacuation; it does not estimate flood exposure's mental-health effect.",NARRATIVE_ONLY,"Abstract describes a post-event comparison of evacuated vs control SNFs during the 2009 flood, with no stated pre-event outcome or credible counterfactual; exposed/unexposed post-event comparison alone is not eligible. Mental health outcome (mood/negative statements) is also unclear.",no
800,D0129680,An SCL-90 evaluation in paratroopers before and after anti-flood rescue,flood,EXCLUDE,"The before-after exposure is participation in an anti-flood rescue mission, not objectively measured flood exposure; the study estimates the mission's effect on rescuers.",NARRATIVE_ONLY,"Single group of 200 paratroopers assessed before and after one anti-flood rescue mission; no unexposed comparison, exposure gradient, or variation in flood exposure. Changes in SCL-90 scores are descriptive pre/post mission effects, not a flood hazard effect.",no
